Workbook

Sheet Screening
A1: ID | B1: Database | C1: Title | D1: Authors | E1: Year | F1: Source | G1: Document type | H1: DOI | I1: FL | J1: DP | K1: XAI | L1: KG | M1: DL | N1: Decision | O1: Reason | P1: Closest to this study | Q1: Author check (Agree/Disagree) | R1: Author notes
A2: 1 | B2: Scopus | C2: A Systematic Review of Intrusion Detection Systems, Challenges, and Emerging AI-Driven Solutions | D2: Reddy A.S.; Shanthi S.G.; Reddy K.P. | E2: 2026 | F2: GSEACT 2026 - 2026 IEEE Global Symposium on Emerging and Communication Technologies | G2: Conference paper | H2: 10.1109/GSEACT68539.2026.11620510 | I2: Y | K2: Y | M2: Y | N2: E1 | O2: Review, survey, or overview (kept as background)
A3: 2 | B3: Scopus | C3: Cybersecurity in Smart Grids using Machine Learning: A Systematic Literature Review | D3: Nelufule N.; Mudau C.; Nkwe B.; Chishiri S.; Mncwango L.; Mutenwa M. | E3: 2025 | F3: Proceedings of 6th International Conference on IoT Based Control Networks and Intelligent Systems, ICICNIS 2025 | G3: Conference paper | H3: 10.1109/ICICNIS66685.2025.11315506 | I3: Y | K3: Y | M3: Y | N3: E1 | O3: Review, survey, or overview (kept as background)
A4: 3 | B4: Scopus | C4: SAFENET AI- AI -Powered Intrusion Prevention System | D4: Wankhade A.; Wankhede T.; Yadav A.; Bhimanpallewar R.N. | E4: 2025 | F4: 2025 IEEE Pune Section International Conference, PuneCon 2025 | G4: Conference paper | H4: 10.1109/PuneCon67554.2025.11377588 | I4: Y | K4: Y | M4: Y | N4: INCLUDE | O4: Meets all inclusion criteria at title/abstract level
A5: 4 | B5: Scopus | C5: A Federated GAN-Augmented Explainable Deep Learning Framework for IoT Intrusion Detection | D5: Ramya S.P.; Kanimozhi K.V.; Sreesubha S.; Agoramoorthy M.; Loganayagi S. | E5: 2026 | F5: Proceedings of the 4th International Conference on Intelligent Data Communication Technologies and Internet of Things, IDCioT 2026 | G5: Conference paper | H5: 10.1109/IDCIoT67589.2026.11455702 | I5: Y | K5: Y | M5: Y | N5: INCLUDE | O5: Meets all inclusion criteria at title/abstract level
A6: 5 | B6: Scopus | C6: A Federated Attention-Enhanced Graph Neural Network Framework for Real-Time Intrusion Detection in Edge Computing Environments | D6: Kumar A.; Kaur S.; Sachdeva R.; Kaur K. | E6: 2025 | F6: 2025 IEEE 4th International Conference for Advancement in Technology, ICONAT 2025 | G6: Conference paper | H6: 10.1109/ICONAT66879.2025.11362512 | I6: Y | K6: Y | M6: Y | N6: INCLUDE | O6: Meets all inclusion criteria at title/abstract level
A7: 6 | B7: Scopus | C7: Smart Grid Intrusion Detection for IEC 60870-5-104 With Feature Optimization, Privacy Protection, and Honeypot-Firewall Integration | D7: Mrudula P.S.; Raj R.D.A.; Pallakonda A.; Reddy Y.R.A.; Prakasha K.K.; Anandkumar V. | E7: 2025 | F7: IEEE Access | G7: Article | H7: 10.1109/ACCESS.2025.3590151 | I7: Y | J7: Y | K7: Y | N7: INCLUDE | O7: Meets all inclusion criteria at title/abstract level
A8: 7 | B8: Scopus | C8: Federated learning explainable deep learning framework for enhanced internet of medical things security | D8: Saheed Y.K.; Chukwuere J.E. | E8: 2026 | F8: Discover Artificial Intelligence | G8: Article | H8: 10.1007/s44163-026-02034-0 | I8: Y | K8: Y | M8: Y | N8: INCLUDE | O8: Meets all inclusion criteria at title/abstract level
A9: 8 | B9: Scopus | C9: A Review of the Progressive Odyssey of AI-Driven Intrusion Detection Within Embedded Systems | D9: Alansari A.; Alfaqeer R.; Hammoudeh M. | E9: 2024 | F9: Lecture Notes in Computer Science (including subseries Lecture Notes in Artificial Intelligence and Lecture Notes in Bioinformatics) | G9: Conference paper | H9: 10.1007/978-3-031-61231-2_1 | I9: Y | J9: Y | K9: Y | M9: Y | N9: E1 | O9: Review article
A10: 9 | B10: Scopus | C10: Towards Transparent AI-Powered Cybersecurity in Financial Systems: The Deployment of Federated Learning and Explainable AI in the CaixaBank pilot | D10: Karampasi A.; Radoglou-Grammatikis P.; Pawlicki M.; Choras R.; De Pozuelo R.M.; Sarigiannidis P.; Puchalski D.; Pawlicka A.; Kozik R.; Choras M. | E10: 2024 | F10: IEEE International Conference on Data Mining Workshops, ICDMW | G10: Conference paper | H10: 10.1109/ICDMW65004.2024.00041 | I10: Y | K10: Y | N10: INCLUDE | O10: Meets all inclusion criteria at title/abstract level
A11: 10 | B11: Scopus | C11: Quantum Federated Learning for DoS Attack Detection and Privacy Preserving of VANET: A Novel Hybrid Machine Learning Approach | D11: Baihan A.; Ullah Z.; Irshad A.; Shafiq M.; Choi J.-G.; Amoon M. | E11: 2026 | F11: Transactions on Emerging Telecommunications Technologies | G11: Article | H11: 10.1002/ett.70375 | I11: Y | K11: Y | N11: INCLUDE | O11: Meets all inclusion criteria at title/abstract level
A12: 11 | B12: Scopus | C12: Towards Explainable and Distributed Intrusion Detection in IoTs: A Federated Learning-Based Approach | D12: Mutlu G.; Rihani N.; Sahingoz O.K. | E12: 2025 | F12: 2025 Innovations in Intelligent Systems and Applications Conference, ASYU 2025 | G12: Conference paper | H12: 10.1109/ASYU67174.2025.11208321 | I12: Y | K12: Y | M12: Y | N12: INCLUDE | O12: Meets all inclusion criteria at title/abstract level
A13: 12 | B13: Scopus | C13: XDFC-IDS: An explainable decentralized federated class-incremental fusion framework for intrusion detection | D13: Huu Quyen N.; Pham V.-H.; The Duy P. | E13: 2026 | F13: Expert Systems with Applications | G13: Article | H13: 10.1016/j.eswa.2026.133417 | I13: Y | K13: Y | M13: Y | N13: INCLUDE | O13: Meets all inclusion criteria at title/abstract level
A14: 13 | B14: Scopus | C14: Privacy-Preserving Federated and Explainable BigSecure-IoT Architecture for Robust Intrusion Detection in IoT Big-Data Platforms | D14: Girisha C.; Saritha S.J. | E14: 2026 | F14: Proceedings of 4th International Conference on Electronics and Renewable Systems, ICEARS 2026 | G14: Conference paper | H14: 10.1109/ICEARS67481.2026.11416610 | I14: Y | K14: Y | M14: Y | N14: INCLUDE | O14: Meets all inclusion criteria at title/abstract level
A15: 14 | B15: Scopus | C15: Creating a Trustworthy IDS for Cyber Physical Systems | D15: Cardenas M.C.G.; Cooper A.; Roy K.; Mason J. | E15: 2025 | F15: icABCD 2025 - Proceedings of the 2025 International Conference on Ai, Big Data, Computing and Data Communication Systems | G15: Conference paper | H15: 10.1145/3759023.3759118 | I15: Y | K15: Y | M15: Y | N15: INCLUDE | O15: Meets all inclusion criteria at title/abstract level
A16: 15 | B16: Scopus | C16: GBOA_SR-ShuffleNet: an explainable federated learning framework for privacy-preserving intrusion detection in IoT | D16: Jacob S.L.; Sultana H.P. | E16: 2026 | F16: Scientific Reports | G16: Article | H16: 10.1038/s41598-026-56215-z | I16: Y | K16: Y | N16: INCLUDE | O16: Meets all inclusion criteria at title/abstract level
A17: 16 | B17: Scopus | C17: EX-DFL: An Explainable Deep Federated-based Intrusion Detection System for Industrial IoT | D17: Attique D.; Wang H.; Wang P.; Javeed D.; Adil M. | E17: 2024 | F17: Proceedings - 21st International Joint Conference on Computer Science and Software Engineering, JCSSE 2024 | G17: Conference paper | H17: 10.1109/JCSSE61278.2024.10613665 | I17: Y | K17: Y | M17: Y | N17: INCLUDE | O17: Meets all inclusion criteria at title/abstract level
A18: 17 | B18: Scopus | C18: Hybrid Ai and Cryptographic Approaches for Secure and Explainable IoT-Based Cyber-Physical Systems | D18: Chaturbhuj S.; Meshram V.S.; Mankar J.B.; Yadav S.; Modani D.G.; Panadiwal H. | E18: 2026 | F18: 6th International Conference on Recent Trends in Computer Science and Technology, ICRTCST 2026 - Proceedings | G18: Conference paper | H18: 10.1109/ICRTCST68392.2026.11545233 | I18: Y | K18: Y | M18: Y | N18: INCLUDE | O18: Meets all inclusion criteria at title/abstract level
A19: 18 | B19: Scopus | C19: Cybersecurity Fortification in Edge Computing through the Synergy of Deep Learning | D19: Karyemsetty N.; Narasimha P.B.; Tejaswi M.P.; Sivaji V.N.; Kamal C.L.V.; Samatha B. | E19: 2023 | F19: 7th International Conference on I-SMAC (IoT in Social, Mobile, Analytics and Cloud), I-SMAC 2023 - Proceedings | G19: Conference paper | H19: 10.1109/I-SMAC58438.2023.10290400 | I19: Y | K19: Y | M19: Y | N19: INCLUDE | O19: Meets all inclusion criteria at title/abstract level
A20: 19 | B20: Scopus | C20: Machine Learning Techniques for Real-Time Anomaly Detection in Network Traffic | D20: Chhillar K.; Kushwaha M.; Saxena A.; Singh S. | E20: 2025 | F20: 2025 IEEE 7th International Conference on Computing, Communication and Automation, ICCCA 2025 | G20: Conference paper | H20: 10.1109/ICCCA66364.2025.11325729 | I20: Y | K20: Y | M20: Y | N20: INCLUDE | O20: Meets all inclusion criteria at title/abstract level
A21: 20 | B21: Scopus | C21: Explanation stability assessment for federated explainable intrusion detection in wireless sensor networks | D21: A. H.S.; P. D. | E21: 2026 | F21: Array | G21: Article | H21: 10.1016/j.array.2026.101114 | I21: Y | J21: Y | K21: Y | N21: INCLUDE | O21: Meets all inclusion criteria at title/abstract level | P21: Yes
A22: 21 | B22: Scopus | C22: Graph–Time IoT IDS: Requirement-Aligned Impact Evaluation | D22: Dubey K.; Batra I.; Bajpai A.; Malik A.; Alshara M.A.; Jan T.; Ahmad N.; Khalil R.A. | E22: 2026 | F22: Engineering Reports | G22: Article | H22: 10.1002/eng2.70975 | J22: Y | K22: Y | M22: Y | N22: INCLUDE | O22: Meets all inclusion criteria at title/abstract level
A23: 22 | B23: Scopus | C23: AI-Driven Defense-in-Depth: A Systematic Review of SOC Maturity Models and DDoS Mitigation | D23: Antoniou G. | E23: 2025 | F23: CEUR Workshop Proceedings | G23: Conference paper | I23: Y | K23: Y | N23: E1 | O23: Review, survey, or overview (kept as background)
A24: 23 | B24: Scopus | C24: XFedGraph-Hunter: An Interpretable Federated Learning Framework for Hunting Advanced Persistent Threat in Provenance Graph | D24: Son N.D.H.; Thi H.T.; Duy P.T.; Pham V.-H. | E24: 2023 | F24: Lecture Notes in Computer Science | G24: Conference paper | H24: 10.1007/978-981-99-7032-2_32 | I24: Y | K24: Y | M24: Y | N24: INCLUDE | O24: Meets all inclusion criteria at title/abstract level
A25: 24 | B25: Scopus | C25: GeoForensic-AI: A Lightweight and Explainable Forensic AI Framework for Modern Digital Ecosystems | D25: Manivannan A.; Amalanathan A. | E25: 2026 | F25: IEEE Access | G25: Article | H25: 10.1109/ACCESS.2026.3686828 | I25: Y | J25: Y | K25: Y | M25: Y | N25: E2 | O25: Digital forensics framework, not an intrusion detector
A26: 25 | B26: Scopus | C26: A semi-supervised soft prototype-based autonomous fuzzy ensemble system for network intrusion detection | D26: Gu X.; Howells G.; Yuan H. | E26: 2025 | F26: Applied Soft Computing | G26: Article | H26: 10.1016/j.asoc.2025.112719 | K26: Y | M26: Y | N26: E3 | O26: Federated learning or differential privacy not part of the method
A27: 26 | B27: Scopus | C27: Real-Time Cyber Threat Intelligence Detection and Response Using Deep Learning for Advanced Threat Classification | D27: Sriram Muganthan G.; Srivignesh L.; Rajashree S.; Miriam A.J.; Muneera M.N.; Santhanakrishnan | E27: 2026 | F27: 2026 IEEE 3rd International Conference on Emerging Trends in Engineering and Medical Sciences, ICETEMS 2025 | G27: Conference paper | H27: 10.1109/ICETEMS66917.2026.11469514 | I27: Y | K27: Y | M27: Y | N27: INCLUDE | O27: Meets all inclusion criteria at title/abstract level
A28: 27 | B28: Scopus | C28: FedDTKG: Federated Temporal Graph Learning with Adaptive Loss for Robust 5G Attack Detection under Extreme Class Imbalance | D28: Sheikhi S.; Loven L.; Pirttikangas S.; Kostakos P. | E28: 2025 | F28: MSWiM 2025 - 27th International Conference on Modeling, Analysis and Simulation of Wireless and Mobile Systems | G28: Conference paper | H28: 10.1109/MSWiM67937.2025.11308990 | I28: Y | L28: Y | M28: Y | N28: INCLUDE | O28: Meets all inclusion criteria at title/abstract level
A29: 28 | B29: Scopus | C29: Explainable Federated Learning for Botnet Detection in IoT Networks | D29: Kalakoti R.; Bahsi H.; Nomm S. | E29: 2024 | F29: Proceedings of the 2024 IEEE International Conference on Cyber Security and Resilience, CSR 2024 | G29: Conference paper | H29: 10.1109/CSR61664.2024.10679348 | I29: Y | K29: Y | M29: Y | N29: INCLUDE | O29: Meets all inclusion criteria at title/abstract level
A30: 29 | B30: Scopus | C30: Evaluation of Applying Federated Learning to Distributed Intrusion Detection Systems Through Explainable AI | D30: Oki A.; Ogawa Y.; Ota K.; Dong M. | E30: 2024 | F30: IEEE Networking Letters | G30: Article | H30: 10.1109/LNET.2024.3465516 | I30: Y | K30: Y | M30: Y | N30: INCLUDE | O30: Meets all inclusion criteria at title/abstract level
A31: 30 | B31: Scopus | C31: Generative AI–Guided Sentinel for Self-Optimizing Federated Cybersecurity and Intelligent Threat Detection; [生成式人工智能引导的哨兵系统，用于自我优化的联邦网络安全与智能威胁检测] | D31: Rokaya A.; Rishat M.A.S.A.; Sudhanshu S.; Singh A.; Naizheng B. | E31: 2025 | F31: Hunan Daxue Xuebao/Journal of Hunan University Natural Sciences | G31: Article | H31: 10.55463/ISSN.1674-2974.52.12.1 | I31: Y | K31: Y | N31: INCLUDE | O31: Meets all inclusion criteria at title/abstract level
A32: 31 | B32: Scopus | C32: Interpretable Federated Learning Model for Cyber Intrusion Detection in Smart Cities with Privacy-Preserving Feature Selection | D32: Farooq M.S.; Saleem M.; Khan M.A.; Khan M.F.; Siddiqui S.Y.; Aslam M.S.; Adnan K.M. | E32: 2025 | F32: Computers, Materials and Continua | G32: Article | H32: 10.32604/cmc.2025.069641 | I32: Y | K32: Y | N32: INCLUDE | O32: Meets all inclusion criteria at title/abstract level
A33: 32 | B33: Scopus | C33: AI-Powered Defense Against Advanced Persistent Threats (APTs): Techniques, Case Studies, and Future Research Directions | D33: Prajwalasimha S.N.; Shelke N.; Saini D.K.J.B.; Pimpalkar A.; Kumar G.H.; Shivamma D. | E33: 2025 | F33: Proceedings of 3rd International Conference on Sustainable Computing and Data Communication Systems, ICSCDS 2025 | G33: Conference paper | H33: 10.1109/ICSCDS65426.2025.11166697 | I33: Y | K33: Y | M33: Y | N33: E4 | O33: No experimental evaluation reported in the abstract
A34: 33 | B34: Scopus | C34: Intrusion Detection Explainability by Ensemble Learning with a Case Study | D34: Manai E.; Mejri M.; Fattahi J. | E34: 2024 | F34: 10th 2024 International Conference on Control, Decision and Information Technologies, CoDIT 2024 | G34: Conference paper | H34: 10.1109/CoDIT62066.2024.10708602 | K34: Y | N34: E3 | O34: Federated learning or differential privacy not part of the method
A35: 34 | B35: Scopus | C35: LLM-Driven Security and Resilience in 6G Mission-Critical Communication Networks | D35: Sai S.; Arora B.; Suri V.; Chamola V.; Gurusamy M. | E35: 2026 | F35: IEEE Open Journal of the Communications Society | G35: Article | H35: 10.1109/OJCOMS.2026.3717648 | I35: Y | K35: Y | N35: E4 | O35: No experimental evaluation reported in the abstract
A36: 35 | B36: Scopus | C36: Ai-Driven Cybersecurity Defense for Military Networks | D36: Bose S.S.C.; Shanmugapriya V.; Mahadev N.; Pyingkodi M.; Natarajan R.; Thangarasu N. | E36: 2025 | F36: Proceedings of IEEE International Conference for Women in Innovation, Technology and Entrepreneurship, ICWITE 2025 | G36: Conference paper | H36: 10.1109/ICWITE64848.2025.11307120 | I36: Y | K36: Y | N36: INCLUDE | O36: Meets all inclusion criteria at title/abstract level
A37: 36 | B37: Scopus | C37: Unified Framework for Outlier Detection Using Ensemble-Based Learning Techniques | D37: Dahiya R.; Dahiya V.K.; Agarwal N.; Jain H.; Kumar A.P.; Kumar Singh A. | E37: 2025 | F37: 2025 2nd International Conference on Computational Intelligence, Communication Technology and Networking, CICTN 2025 | G37: Conference paper | H37: 10.1109/CICTN64563.2025.10932383 | I37: Y | K37: Y | M37: Y | N37: INCLUDE | O37: Meets all inclusion criteria at title/abstract level
A38: 37 | B38: Scopus | C38: FL-TSA-TabNet: Federated Tabular Network for Intrusion Detection | D38: Archana J.; Kamalakkannan S. | E38: 2025 | F38: Proceedings of the 4th International Conference on Innovative Mechanisms for Industry Applications, ICIMIA 2025 | G38: Conference paper | H38: 10.1109/ICIMIA67127.2025.11200893 | I38: Y | K38: Y | M38: Y | N38: INCLUDE | O38: Meets all inclusion criteria at title/abstract level
A39: 38 | B39: Scopus | C39: A Comprehensive Review on Machine Learning Approaches for Zero-Day Attack Detection | D39: Ahmed Z.; Jayakesh G.; Azeem S. | E39: 2026 | F39: International Conference on Innovations in Communication, Geoscience and Robotics, ICICGR 2026 | G39: Conference paper | H39: 10.1109/ICICGR68236.2026.11600199 | I39: Y | K39: Y | N39: E1 | O39: Review, survey, or overview (kept as background)
A40: 39 | B40: Scopus | C40: Federated Learning-Based Intrusion Detection for Resource-Constrained IoT Devices Using Lightweight Neural Networks | D40: Saxena N.; Verma S.; Shubneet; Rella B.P.R.; Yadav A.R.; Talwandi N.S. | E40: 2026 | F40: Lecture Notes in Networks and Systems | G40: Conference paper | H40: 10.1007/978-3-032-25617-1_11 | I40: Y | J40: Y | K40: Y | M40: Y | N40: INCLUDE | O40: Meets all inclusion criteria at title/abstract level
A41: 40 | B41: Scopus | C41: DESIGN OF AN IMPROVED METHOD FOR INTRUSION DETECTION USING CNN, LSTM, AND BLOCK CHAIN | D41: Jyothi D.; Vijay P.J.; Kumar M.K.; Lakshmi R.V. | E41: 2025 | F41: Journal of Theoretical and Applied Information Technology | G41: Article | I41: Y | J41: Y | K41: Y | M41: Y | N41: INCLUDE | O41: Meets all inclusion criteria at title/abstract level
A42: 41 | B42: Scopus | C42: A comprehensive survey on intrusion detection in internet of medical things: Datasets, federated learning, blockchain, and future research directions | D42: Hassan S.R.; Tanveer M.U.; Prajapat S.; Shabaz M. | E42: 2025 | F42: ICT Express | G42: Article | H42: 10.1016/j.icte.2025.11.005 | I42: Y | K42: Y | N42: E1 | O42: Review, survey, or overview (kept as background)
A43: 42 | B43: Scopus | C43: Federated Forest for Network Anomaly Detection | D43: Donfack F.; Toutsop O.; Yimer T.M. | E43: 2025 | F43: 2025 International Symposium on Networks, Computers and Communications, ISNCC 2025 | G43: Conference paper | H43: 10.1109/ISNCC66965.2025.11250410 | I43: Y | K43: Y | M43: Y | N43: INCLUDE | O43: Meets all inclusion criteria at title/abstract level
A44: 43 | B44: Scopus | C44: A Survey on IoT Intrusion Detection: Federated Learning, Game Theory, Social Psychology, and Explainable AI as Future Directions | D44: Arisdakessian S.; Wahab O.A.; Mourad A.; Otrok H.; Guizani M. | E44: 2023 | F44: IEEE Internet of Things Journal | G44: Article | H44: 10.1109/JIOT.2022.3203249 | I44: Y | K44: Y | N44: E1 | O44: Review, survey, or overview (kept as background)
A45: 44 | B45: Scopus | C45: FedMamba-IoMT: Federated state space models with differential privacy and byzantine resilience for privacy-preserving intrusion detection in Internet of Medical Things | D45: Al-Sharo Y.M.; Tawfik M.; Almadani A.M.; Abdelhaliem A.H.; Fathi I.S.; Hassan G. | E45: 2026 | F45: PLOS One | G45: Article | H45: 10.1371/journal.pone.0355601 | I45: Y | J45: Y | K45: Y | M45: Y | N45: INCLUDE | O45: Meets all inclusion criteria at title/abstract level | P45: Yes
A46: 45 | B46: Scopus | C46: IoT Privacy-Preserving Intrusion Detection with Federated Learning and Deep Learning Models | D46: Dubey E.N.; Lodhi R.K.; Tiwari R.K. | E46: 2026 | F46: 2026 2nd International Conference on Cognitive Computing in Engineering, Communications, Sciences and Biomedical Health Informatics, IC3ECSBHI 2026 | G46: Conference paper | H46: 10.1109/IC3ECSBHI67834.2026.11469060 | I46: Y | K46: Y | M46: Y | N46: INCLUDE | O46: Meets all inclusion criteria at title/abstract level
A47: 46 | B47: Scopus | C47: Federated Learning Based Explainable Hybrid Framework for Cyber Threat Analysis | D47: Kavitha R.; Rupa M.S.; Gayathri R. | E47: 2025 | F47: 2025 IEEE 7th International Conference on Computing, Communication and Automation, ICCCA 2025 | G47: Conference paper | H47: 10.1109/ICCCA66364.2025.11325560 | I47: Y | K47: Y | M47: Y | N47: INCLUDE | O47: Meets all inclusion criteria at title/abstract level
A48: 47 | B48: Scopus | C48: Privacy-preserving intrusion detection in IoT smart homes using a federated hybrid 1D-CNN–LSTM model with explainable AI | D48: Abdelhady G.; Hussein K.W.; Gad I.A.A. | E48: 2026 | F48: Scientific Reports | G48: Article | H48: 10.1038/s41598-026-67450-9 | I48: Y | K48: Y | M48: Y | N48: INCLUDE | O48: Meets all inclusion criteria at title/abstract level
A49: 48 | B49: Scopus | C49: Federated Adversarial-AI for Zero-Trust Explainable Cybersecurity | D49: Chandrakala S.; Chandrakala S.S. | E49: 2026 | F49: Proceedings of 8th International Conference on Intelligent Sustainable Systems, ICISS 2026 | G49: Conference paper | H49: 10.1109/ICISS67859.2026.11453954 | I49: Y | K49: Y | N49: INCLUDE | O49: Meets all inclusion criteria at title/abstract level
A50: 49 | B50: Scopus | C50: Secure and Interpretable Intrusion Detection through Federated and Ensemble Machine Learning with XAI | D50: Javed S.; Mukhtar N.; Iqbal S.; Naqvi S.A.A.; Ishtiaq A.; Siddiqui S.Y.; Ammar M. | E50: 2025 | F50: Journal of Computing and Biomedical Informatics | G50: Article | I50: Y | K50: Y | N50: INCLUDE | O50: Meets all inclusion criteria at title/abstract level
A51: 50 | B51: Scopus | C51: Intelligent Cybersecurity for the Internet of Things: An AI-Based Adaptive Model and Landscape Analysis — A Systematic Literature Review | D51: Prasad H.; Kumar S.; Paul P. | E51: 2026 | F51: Journal of Intelligent Decision Making and Information Science | G51: Article | H51: 10.59543/jidmis.v3.1931 | I51: Y | K51: Y | M51: Y | N51: E1 | O51: Review, survey, or overview (kept as background)
A52: 51 | B52: Scopus | C52: Federated temporal-aware lightweight intrusion detection system for CAN-based in-vehicle networks: A hybrid deep learning and privacy-preserving framework | D52: Alqahtani H.; Kumar G. | E52: 2026 | F52: Multimedia Tools and Applications | G52: Article | H52: 10.1007/s11042-026-21937-9 | I52: Y | K52: Y | M52: Y | N52: INCLUDE | O52: Meets all inclusion criteria at title/abstract level
A53: 52 | B53: Scopus | C53: Adversarial-Resilient Federated AI for Explainable Zero-Trust Cybersecurity | D53: Chandrakala S.; Suresh S. | E53: 2026 | F53: 2026 8th International Conference on Inventive Material Science and Applications, ICIMA 2026 | G53: Conference paper | H53: 10.1109/ICIMA68728.2026.11564325 | I53: Y | K53: Y | N53: INCLUDE | O53: Meets all inclusion criteria at title/abstract level
A54: 53 | B54: Scopus | C54: FORT-IDS: a federated, optimized, robust and trustworthy intrusion detection system for IIoT security | D54: Mazroa A.A. | E54: 2026 | F54: Scientific Reports | G54: Article | H54: 10.1038/s41598-025-31025-x | I54: Y | K54: Y | M54: Y | N54: INCLUDE | O54: Meets all inclusion criteria at title/abstract level
A55: 54 | B55: Scopus | C55: An enhanced hybrid intrusion detection framework using federated learning and explainable AI for cloud-based cybersecurity systems | D55: Okul Ş.; Sadak M.S. | E55: 2026 | F55: Journal of Computer Virology and Hacking Techniques | G55: Article | H55: 10.1007/s11416-026-00643-y | I55: Y | K55: Y | M55: Y | N55: INCLUDE | O55: Meets all inclusion criteria at title/abstract level | P55: Yes
A56: 55 | B56: Scopus | C56: Machine Learning-Driven Intrusion Detection for Next-Generation Information Security Systems | D56: Porwal R.; Adhikari M.S.; Keerthi S.; Yadav A.K.; Ketha M.B.; Verma P.; Kunal | E56: 2026 | F56: International Research Journal of Multidisciplinary Technovation | G56: Article | H56: 10.54392/irjmt26317 | I56: Y | J56: Y | K56: Y | N56: INCLUDE | O56: Meets all inclusion criteria at title/abstract level
A57: 56 | B57: Scopus | C57: Synthetic Data-Driven Explainability for Federated Learning-Based Intrusion Detection System | D57: Kalakoti R.; Bahsi H.; Nõmm S. | E57: 2026 | F57: IEEE Internet of Things Journal | G57: Article | H57: 10.1109/JIOT.2025.3633946 | I57: Y | K57: Y | M57: Y | N57: INCLUDE | O57: Meets all inclusion criteria at title/abstract level
A58: 57 | B58: Scopus | C58: Enhancing intrusion detection performance using explainable ensemble deep learning | D58: Ben Ncir C.E.; Ben HajKacem M.A.; Alattas M. | E58: 2024 | F58: PeerJ Computer Science | G58: Article | H58: 10.7717/PEERJ-CS.2289 | K58: Y | M58: Y | N58: E3 | O58: Federated learning or differential privacy not part of the method
A59: 58 | B59: Scopus | C59: A Privacy-Preserving Federated Hybrid Intrusion Detection System for MQTT-Based IoT Networks Using SHAP-Mutual Information Feature Selection | D59: Suryadev V.; Kirubavathi G. | E59: 2026 | F59: CCIC 2026 - Contemporary Computing Innovations Conference 2026 | G59: Conference paper | H59: 10.1109/CCIC68129.2026.11486056 | I59: Y | K59: Y | M59: Y | N59: INCLUDE | O59: Meets all inclusion criteria at title/abstract level
A60: 59 | B60: Scopus | C60: CognitiveShield-IoT: A Self-Evolving AI-Agent Driven Security Architecture for Adaptive and Resilient IoT Ecosystems | D60: Vishwas D.B.; Bharath M.B.; Trisha V.; Sahana S.; Dinesh K.; Reddy M.S. | E60: 2026 | F60: Proceedings of 9th International Conference on Trends in Electronics and Informatics, ICOEI 2026 | G60: Conference paper | H60: 10.1109/ICOEI68323.2026.11541866 | I60: Y | K60: Y | N60: INCLUDE | O60: Meets all inclusion criteria at title/abstract level
A61: 60 | B61: Scopus | C61: Federated XAI IDS: An Explainable and Safeguarding Privacy Approach to Detect Intrusion Combining Federated Learning and SHAP † | D61: Fatema K.; Dey S.K.; Anannya M.; Khan R.T.; Rashid M.M.; Su C.; Mazumder R. | E61: 2025 | F61: Future Internet | G61: Article | H61: 10.3390/fi17060234 | I61: Y | K61: Y | M61: Y | N61: INCLUDE | O61: Meets all inclusion criteria at title/abstract level
A62: 61 | B62: Scopus | C62: FedSentry: Federated Learning Enhanced by DBSCAN for Intelligent Intrusion Detection | D62: Dharani M. | E62: 2025 | F62: 2025 17th IEEE International Conference on Computational Intelligence and Communication Networks, CICN 2025 | G62: Conference paper | H62: 10.1109/CICN67655.2025.11368277 | I62: Y | K62: Y | N62: INCLUDE | O62: Meets all inclusion criteria at title/abstract level
A63: 62 | B63: Scopus | C63: A Systematic Review of Intrusion Detection Systems for Internet of Medical Things: Performance, Efficiency, Explainability, and Generalization | D63: Adohinzin O.; Harrath Y. | E63: 2026 | F63: Digital Threats: Research and Practice | G63: Article | H63: 10.1145/3816026 | I63: Y | K63: Y | M63: Y | N63: E1 | O63: Review, survey, or overview (kept as background)
A64: 63 | B64: Scopus | C64: FEX-IDS: A Federated Learning-Based Explainable Intrusion Detection System for IoT Security | D64: Metwally M.; Zamzam M. | E64: 2025 | F64: 2025 5th International Conference on Innovative Research in Applied Science, Engineering and Technology, IRASET 2025 | G64: Conference paper | H64: 10.1109/IRASET64571.2025.11008310 | I64: Y | K64: Y | N64: INCLUDE | O64: Meets all inclusion criteria at title/abstract level
A65: 64 | B65: Scopus | C65: Mobility-Aware Hybrid Federated and V2V Cooperative Learning for Intrusion Detection in 5G-V2X Networks | D65: Abdel Hakeem S.A.; Kim H. | E65: 2026 | F65: IEEE Internet of Things Journal | G65: Article | H65: 10.1109/JIOT.2026.3695859 | I65: Y | K65: Y | M65: Y | N65: INCLUDE | O65: Meets all inclusion criteria at title/abstract level
A66: 65 | B66: Scopus | C66: Explainable AI supported hybrid deep learnig method for layer 2 intrusion detection | D66: Kilincer I.F. | E66: 2025 | F66: Egyptian Informatics Journal | G66: Article | H66: 10.1016/j.eij.2025.100669 | K66: Y | M66: Y | N66: E3 | O66: Federated learning or differential privacy not part of the method
A67: 66 | B67: Scopus | C67: Federated Learning for Distributed IoT Security: A Privacy-Preserving Approach to Intrusion Detection | D67: Gutti C.; Thumula K.; Balbudhe P. | E67: 2025 | F67: IEEE Access | G67: Article | H67: 10.1109/ACCESS.2025.3592481 | I67: Y | K67: Y | N67: INCLUDE | O67: Meets all inclusion criteria at title/abstract level
A68: 67 | B68: Scopus | C68: Implementation of an Optimized Hybrid Machine Learning-Based IDS for Enhanced Threat Detection in IoT Environments | D68: Chopparapu R.; Yangalasetty S.; Deshpande G.; Roy V. | E68: 2025 | F68: 2025 IEEE 5th International Conference on ICT in Business Industry and Government, ICTBIG 2025 | G68: Conference paper | H68: 10.1109/ICTBIG68706.2025.11323664 | I68: Y | K68: Y | M68: Y | N68: INCLUDE | O68: Meets all inclusion criteria at title/abstract level
A69: 68 | B69: Scopus | C69: Adversarial Challenges in AI-based Intrusion Detection Systems for Cloud Environments: A Comprehensive Review | D69: Velliyath S.; Kalaivani D. | E69: 2025 | F69: Proceedings of 5th International Conference on Evolutionary Computing and Mobile Sustainable Networks, ICECMSN 2025 | G69: Conference paper | H69: 10.1109/ICECMSN68058.2025.11382855 | I69: Y | K69: Y | M69: Y | N69: E1 | O69: Review, survey, or overview (kept as background)
A70: 69 | B70: Scopus | C70: FedT-DDoS: A Robust and Privacy-Preserving DDoS Detection System for SDIoT Healthcare Environments | D70: Madoune S.A.; De Jiang D.; Senouci S.; Madoune Y. | E70: 2025 | F70: Proceedings of the IEEE International Conference on Computer and Communications, ICCC | G70: Conference paper | H70: 10.1109/ICCC68654.2025.11437953 | I70: Y | K70: Y | M70: Y | N70: INCLUDE | O70: Meets all inclusion criteria at title/abstract level
A71: 70 | B71: Scopus | C71: Privacy-Preserving Graph-Based Intrusion Detection System: A Federated Learning Approach with GNN and XAI | D71: Venkateswarlu M.; Karthik C.H.; Shivamani M.; Narayana Rao A.S. | E71: 2025 | F71: Proceedings of the 9th International Conference on Inventive Systems and Control, ICISC 2025 | G71: Conference paper | H71: 10.1109/ICISC65841.2025.11188133 | I71: Y | K71: Y | M71: Y | N71: INCLUDE | O71: Meets all inclusion criteria at title/abstract level
A72: 71 | B72: Scopus | C72: Big Data-Driven Federated Learning Model for Scalable and Privacy-Preserving Cyber Threat Detection in IoT-Enabled Healthcare Systems | D72: Alaskar N.M.; Hussain M.; Almheiri S.J.; Atta-Ur-Rahman; Khan A.; Adnan K.M. | E72: 2026 | F72: Computers, Materials and Continua | G72: Article | H72: 10.32604/cmc.2025.074041 | I72: Y | K72: Y | N72: INCLUDE | O72: Meets all inclusion criteria at title/abstract level
A73: 72 | B73: Scopus | C73: A novel federated learning approach for IoT botnet intrusion detection using SHAP-based knowledge distillation | D73: Hossain M.A.; Saif S.; Islam M.S. | E73: 2025 | F73: Complex and Intelligent Systems | G73: Article | H73: 10.1007/s40747-025-02001-9 | I73: Y | K73: Y | N73: INCLUDE | O73: Meets all inclusion criteria at title/abstract level
A74: 73 | B74: Scopus | C74: A Comprehensive Review of Attacks and Defense Mechanisms in Federated Learning for Autonomous Driving and VANETs | D74: Kumbhare R.; Dehalwar V.; Pateriya R.K. | E74: 2026 | F74: Proceedings of the 2026 4th International Conference on Secure Cyber Computing and Communications, ICSCCC 2026 | G74: Conference paper | H74: 10.1109/ICSCCC69031.2026.11600221 | I74: Y | K74: Y | N74: E1 | O74: Review, survey, or overview (kept as background)
A75: 74 | B75: Scopus | C75: SURYA: Quantum-Resilient Explainable Federated Learning for UAV Intrusion Detection over 6G Networks | D75: Patel A.A.; Tank D.R.; Patel D.; Shah K.; Shah M.H.; Kumari A.; Chaturvedi P.; Bishnoi D.; Kaushik A. | E75: 2025 | F75: IEEE Globecom Workshops, GC Wkshps | G75: Conference paper | H75: 10.1109/GCWkshps68340.2025.11590989 | I75: Y | K75: Y | N75: INCLUDE | O75: Meets all inclusion criteria at title/abstract level
A76: 75 | B76: Scopus | C76: An Explainable Federated Intrusion Detection Framework for SDN Using Distributed Key Generation and Threshold Homomorphic Encryption | D76: Shamim S.M.; Kodera Y.; Ali M.A.; Nogami Y. | E76: 2026 | F76: Sensors | G76: Article | H76: 10.3390/s26175337 | I76: Y | K76: Y | M76: Y | N76: INCLUDE | O76: Meets all inclusion criteria at title/abstract level
A77: 76 | B77: Scopus | C77: AI-Driven Cyber Resilience Framework for Cloud Environments: Advanced Intrusion Detection and Threat Prevention | D77: Krishna J.; Harshitha S.; Kamalesh G.; Kumar B.K.; Sree T.A.; Haran J.H. | E77: 2026 | F77: ICCECE 2026 - International Conference on Computing, Electronics and Communications Engineering | G77: Conference paper | H77: 10.1109/ICCECE69715.2026.11493037 | I77: Y | K77: Y | M77: Y | N77: E4 | O77: No experimental evaluation reported in the abstract
A78: 77 | B78: Scopus | C78: Blockchain and Explainable Federated Learning-based V2X Communication Framework for ITS in 6G | D78: Patel C.; Sheth P.; Shah M.; Mehta D.; Kumari A.; Gupta R.; Tanwar S.; Jhanjhi N.Z. | E78: 2025 | F78: 2025 International Conference on Green Energy, Computing and Sustainable Technology, GECOST 2025 | G78: Conference paper | H78: 10.1109/GECOST66002.2025.11324682 | I78: Y | K78: Y | N78: INCLUDE | O78: Meets all inclusion criteria at title/abstract level
A79: 78 | B79: Scopus | C79: Federated Big Data-Driven Hybrid Deep Learning Framework with Self-Enhanced Optimization for Intelligent Cyber Attack Detection | D79: Babu D.R.K.; Reddy V.M.M.; Yamini S.; Sasank S.R.G. | E79: 2025 | F79: International Conference on NexGen Networks and Cybernetics, IC2NC 2025 - Proceedings | G79: Conference paper | H79: 10.1109/IC2NC67409.2025.11376171 | I79: Y | K79: Y | M79: Y | N79: INCLUDE | O79: Meets all inclusion criteria at title/abstract level
A80: 79 | B80: Scopus | C80: NeSySwarm-IDS: End-to-End Differentiable Neuro-Symbolic Logic for Privacy-Preserving Intrusion Detection in UAV Swarms | D80: Yang G.; Ni L.; Xia T.; Shi Q.; Li J. | E80: 2026 | F80: Applied Sciences (Switzerland) | G80: Article | H80: 10.3390/app16073204 | I80: Y | J80: Y | K80: Y | M80: Y | N80: INCLUDE | O80: Meets all inclusion criteria at title/abstract level | P80: Yes
A81: 80 | B81: Scopus | C81: Federated Drift-Aware CNN-BiLSTM Framework for Secure and Transparent Wireless Sensor Networks | D81: Hemalatha V.; Pushpalatha S. | E81: 2026 | F81: International Conference on AI-Driven Innovations and Applications, IC-AIDA 2026 - Conference Proceedings | G81: Conference paper | H81: 10.1109/IC-AIDA68291.2026.11564238 | I81: Y | K81: Y | M81: Y | N81: INCLUDE | O81: Meets all inclusion criteria at title/abstract level
A82: 81 | B82: Scopus | C82: RE-FIDS: Robust and Explainable Federated Learning-based Intrusion Detection System | D82: Prajapati P.; Karambe A.; Kharab R.; Mane N.; Singh P.; Dhavale S. | E82: 2026 | F82: Proceedings of the 6th International Conference on Pervasive Computing and Social Networking, ICPCSN 2026 | G82: Conference paper | H82: 10.1109/ICPCSN68523.2026.11543558 | I82: Y | K82: Y | N82: INCLUDE | O82: Meets all inclusion criteria at title/abstract level
A83: 82 | B83: Scopus | C83: Intelligent Anomaly Detection for Secure Data Transmission in Cloud Computing Systems over 6G Networks | D83: Anshad A.S.; Charan P.; Preethi N.; Khan I.; Amruthalakshmi M.R.; Maurya S.; Hiremath S.; Anil D. | E83: 2025 | F83: Engineering, Technology and Applied Science Research | G83: Article | H83: 10.48084/etasr.14022 | I83: Y | K83: Y | M83: Y | N83: INCLUDE | O83: Meets all inclusion criteria at title/abstract level
A84: 83 | B84: Scopus | C84: GAIA-FL-AGC: A Differential Privacy and Generative AI Approach to Robust Intrusion Detection in Federated Learning | D84: El Gendi N.; Zamzam M. | E84: 2026 | F84: 2026 International Conference on Integrated Intelligence and Cognitive Engineering, ICIICE 2026 | G84: Conference paper | H84: 10.1109/ICIICE69672.2026.11565072 | I84: Y | J84: Y | K84: Y | N84: INCLUDE | O84: Meets all inclusion criteria at title/abstract level
A85: 84 | B85: Scopus | C85: Fractional groupers brown-bear optimization based spiking channel attention-based convolutional recurrent neural network for intrusion detection in heterogeneous federated IoT networks | D85: Jacob S.L.; Parveen Sultana H. | E85: 2026 | F85: Array | G85: Article | H85: 10.1016/j.array.2026.101005 | I85: Y | K85: Y | M85: Y | N85: INCLUDE | O85: Meets all inclusion criteria at title/abstract level
A86: 85 | B86: Scopus | C86: T9-FL: An Adaptive XAI-driven Federated Learning Framework for Privacy-preserving Intrusion Detection in Non-IID Edge IoT Networks | D86: Jassim E.K. | E86: 2026 | F86: International Journal of Intelligent Engineering and Systems | G86: Article | H86: 10.22266/ijies2026.0630.42 | I86: Y | K86: Y | N86: INCLUDE | O86: Meets all inclusion criteria at title/abstract level
A87: 86 | B87: Scopus | C87: GAN-FedCNN for secure data sharing and anomaly detection in cyber-physical systems | D87: Hashmi H.; Kumar A.; Singh P.; Sisodia R.S.; Yadav R. | E87: 2026 | F87: Franklin Open | G87: Article | H87: 10.1016/j.fraope.2026.100718 | I87: Y | J87: Y | K87: Y | M87: Y | N87: INCLUDE | O87: Meets all inclusion criteria at title/abstract level
A88: 87 | B88: Scopus | C88: Enhancing Cloud API Security Using Artificial Intelligence for Adaptive Threat Monitoring | D88: Keshava R.; Parikh M.; Jayabalan K.; Pandurangan S.K.; Govindaraj S.; Maruthi R. | E88: 2025 | F88: Proceedings of the 9th International Conference on I-SMAC (IoT in Social, Mobile, Analytics and Cloud), I-SMAC 2025 | G88: Conference paper | H88: 10.1109/I-SMAC65734.2025.11597820 | I88: Y | K88: Y | M88: Y | N88: INCLUDE | O88: Meets all inclusion criteria at title/abstract level
A89: 88 | B89: Scopus | C89: A Secure Federated Cyber Security Model Using Distributed Artificial Intelligence For Healthcare Cloud And Iot Applications | D89: JalpaJadeja; Shwetha A.; Jeet S.; Verma A.K.; Yadav P.K.; Kulkarni S.S.; Ramesh Kumar V.; Gayathri B. | E89: 2026 | F89: International Journal of Artificial Intelligence and Machine Learning | G89: Article | H89: 10.51483/IJAIML.6.4s.2026.608-618 | I89: Y | K89: Y | N89: INCLUDE | O89: Meets all inclusion criteria at title/abstract level
A90: 89 | B90: Scopus | C90: Towards Explainable Federated Intrusion Detection for IoT in Resource-Constrained Environments | D90: Stolz C.; Zhang J. | E90: 2025 | F90: 2025 Cyber Awareness and Research Symposium, CARS 2025 | G90: Conference paper | H90: 10.1109/CARS67163.2025.11337429 | I90: Y | K90: Y | N90: INCLUDE | O90: Meets all inclusion criteria at title/abstract level
A91: 90 | B91: Scopus | C91: Blockchain-anchored multi-discriminator GAN architecture for real-time zero-day attack detection in social IoT edge networks with explainable audit trails | D91: Kanawade S.; Deshpande N.; Gite S.; Dongre N. | E91: 2026 | F91: Discover Internet of Things | G91: Article | H91: 10.1007/s43926-026-00486-5 | I91: Y | K91: Y | N91: INCLUDE | O91: Meets all inclusion criteria at title/abstract level
A92: 91 | B92: Scopus | C92: DEEP LEARNING-BASED INTRUSION DETECTION IN COMPUTER SYSTEMS AND NETWORKS: ADVANCES, HYBRIDS, AND CHALLENGES 2022–2026; [Системи виявлення вторгнень на основі глибокого навчання в комп'ютерних системах і мережах: нові підходи, гібриди та виклики 2022–2026] | D92: Chelak V.; Hornostal O.; Chelak Y.; Gavrylenko S. | E92: 2026 | F92: Advanced Information Systems | G92: Article | H92: 10.20998/2522-9052.2026.3.09 | I92: Y | K92: Y | M92: Y | N92: INCLUDE | O92: Meets all inclusion criteria at title/abstract level
A93: 92 | B93: Scopus | C93: A Study on Research Trends in Machine Learning based WSN Security Monitoring | D93: Jangra R.; Sharma A.; Gopi A.; Bisht A.; Singh M.; Pandey P. | E93: 2026 | F93: Proceedings of the 2026 13th International Conference on Computing for Sustainable Global Development, INDIACom 2026 | G93: Conference paper | H93: 10.23919/INDIACom70271.2026.11525863 | I93: Y | K93: Y | M93: Y | N93: E4 | O93: No experimental evaluation reported in the abstract
A94: 93 | B94: Scopus | C94: Empirical Bernstein Certified Bandit-KL Mixing with Tree Stacking for Explainable Federated Intrusion Detection | D94: Shibly M.Z.A.; Islam M.J.; Sakib M.M.R.; Al-Amain; Muyeba M.K.; Saraee M. | E94: 2026 | F94: 2026 IEEE International Conference on Fuzzy Systems, FUZZ-IEEE 2026 - Conference Proceedings: Part of the 2026 IEEE World Congress on Computational Intelligence, IEEE WCCI 2026 | G94: Conference paper | H94: 10.1109/FUZZ69877.2026.11626376 | I94: Y | K94: Y | N94: INCLUDE | O94: Meets all inclusion criteria at title/abstract level
A95: 94 | B95: Scopus | C95: Unraveling Network Attacks with Machine Learning and Explainable AI | D95: Deepak Kumar K.; Saravana Gokul G.; Anandhi S.; Senthil Pandi S. | E95: 2024 | F95: 2nd IEEE International Conference on Advances in Information Technology, ICAIT 2024 - Proceedings | G95: Conference paper | H95: 10.1109/ICAIT61638.2024.10690557 | K95: Y | N95: E3 | O95: Federated learning or differential privacy not part of the method
A96: 95 | B96: Scopus | C96: A federated and transfer learning framework for high-accuracy, explainable intrusion detection in next-generation data centers | D96: Marwan M.; Chemmakha M.; Ait Temghart A.; Lazaar M. | E96: 2026 | F96: Discover Artificial Intelligence | G96: Article | H96: 10.1007/s44163-026-00955-4 | I96: Y | K96: Y | M96: Y | N96: INCLUDE | O96: Meets all inclusion criteria at title/abstract level
A97: 96 | B97: Scopus | C97: HLPMM–GRSPHTRU: An explainable cross-layer temporal framework for multi-stage attack detection in IoT-CPS | D97: Kumar M.; Panduranga Rao M.V.; Ganesan E.; Malode K.P. | E97: 2026 | F97: Review of Computer Engineering Research | G97: Article | H97: 10.18488/76.v13i2.4927 | I97: Y | K97: Y | M97: Y | N97: INCLUDE | O97: Meets all inclusion criteria at title/abstract level
A98: 97 | B98: Scopus | C98: Autonomous federated defense for zero-day threats in IIoT: explainable agents with real-time edge inference | D98: Villegas-Ch W.; Gutierrez R.; Govea J.; Palacios P. | E98: 2026 | F98: Frontiers in Communications and Networks | G98: Article | H98: 10.3389/frcmn.2025.1697204 | I98: Y | K98: Y | N98: INCLUDE | O98: Meets all inclusion criteria at title/abstract level
A99: 98 | B99: Scopus | C99: Cyberattack Detection in Smart Grids: A Survey of Machine Learning Approaches and Challenges | D99: Hasan M.S.; Ismail M.I.; Ibrahem M.I.; Fouda M. | E99: 2026 | F99: 2026 Intermountain Engineering, Technology and Computing, IETC 2026 | G99: Conference paper | H99: 10.1109/IETC69527.2026.11568643 | I99: Y | K99: Y | M99: Y | N99: E1 | O99: Review, survey, or overview (kept as background)
A100: 99 | B100: Scopus | C100: AI-Driven Intrusion Detection in Multi-Cloud Environments: A Proposed Algorithm and Implementation Framework | D100: Kavya M.; Kumar T.S. | E100: 2026 | F100: Proceedings of 4th International Conference on Self Sustainable Artificial Intelligence Systems, ICSSAS 2026 | G100: Conference paper | H100: 10.1109/ICSSAS68835.2026.11559503 | I100: Y | K100: Y | M100: Y | N100: INCLUDE | O100: Meets all inclusion criteria at title/abstract level
...

Sheet Summary
A1: PRISMA-style counts (Scopus 30 Sep 2026; IEEE Xplore and Web of Science 1 Oct 2026)
A2: Stage | B2: Scopus | C2: IEEE Xplore | D2: Web of Science | E2: Total | F2: Note
A3: Records identified | B3: 245 | C3: 363 | D3: 95 | E3: =B3+C3+D3 -> 703 | F3: Typed by hand from the database interfaces
A4: Not exported | B4: 2 | C4: 0 | D4: 0 | E4: =B4+C4+D4 -> 2
A5: Outside 2019-2026 | B5: 0 | C5: 0 | D5: 1 | E5: =B5+C5+D5 -> 1 | F5: WoS record dated 2027
A6: Duplicates removed (found in an earlier database) | B6: 0 | C6: 125 | D6: 87 | E6: =B6+C6+D6 -> 212 | F6: Matched by DOI or normalised title
A7: Records screened | B7: =COUNTIF(Screening!B2:B489,"Scopus") -> 243 | C7: =COUNTIF(Screening!B2:B489,"IEEE Xplore") -> 238 | D7: =COUNTIF(Screening!B2:B489,"Web of Science") -> 7 | E7: =B7+C7+D7 -> 488
A8: Excluded E1: review or survey | B8: =COUNTIFS(Screening!B2:B489,"Scopus",Screening!N2:N489,"E1") -> 38 | C8: =COUNTIFS(Screening!B2:B489,"IEEE Xplore",Screening!N2:N489,"E1") -> 48 | D8: =COUNTIFS(Screening!B2:B489,"Web of Science",Screening!N2:N489,"E1") -> 4 | E8: =B8+C8+D8 -> 90
A9: Excluded E2: not intrusion detection | B9: =COUNTIFS(Screening!B2:B489,"Scopus",Screening!N2:N489,"E2") -> 4 | C9: =COUNTIFS(Screening!B2:B489,"IEEE Xplore",Screening!N2:N489,"E2") -> 3 | D9: =COUNTIFS(Screening!B2:B489,"Web of Science",Screening!N2:N489,"E2") -> 0 | E9: =B9+C9+D9 -> 7
A10: Excluded E3: no FL or DP in the method | B10: =COUNTIFS(Screening!B2:B489,"Scopus",Screening!N2:N489,"E3") -> 10 | C10: =COUNTIFS(Screening!B2:B489,"IEEE Xplore",Screening!N2:N489,"E3") -> 103 | D10: =COUNTIFS(Screening!B2:B489,"Web of Science",Screening!N2:N489,"E3") -> 0 | E10: =B10+C10+D10 -> 113
A11: Excluded E4: no experimental evaluation | B11: =COUNTIFS(Screening!B2:B489,"Scopus",Screening!N2:N489,"E4") -> 13 | C11: =COUNTIFS(Screening!B2:B489,"IEEE Xplore",Screening!N2:N489,"E4") -> 13 | D11: =COUNTIFS(Screening!B2:B489,"Web of Science",Screening!N2:N489,"E4") -> 0 | E11: =B11+C11+D11 -> 26
A12: Excluded E5: neither XAI nor ontology/KG | B12: =COUNTIFS(Screening!B2:B489,"Scopus",Screening!N2:N489,"E5") -> 0 | C12: =COUNTIFS(Screening!B2:B489,"IEEE Xplore",Screening!N2:N489,"E5") -> 18 | D12: =COUNTIFS(Screening!B2:B489,"Web of Science",Screening!N2:N489,"E5") -> 0 | E12: =B12+C12+D12 -> 18
A13: Retained after title/abstract screening | B13: =COUNTIFS(Screening!B2:B489,"Scopus",Screening!N2:N489,"INCLUDE") -> 178 | C13: =COUNTIFS(Screening!B2:B489,"IEEE Xplore",Screening!N2:N489,"INCLUDE") -> 53 | D13: =COUNTIFS(Screening!B2:B489,"Web of Science",Screening!N2:N489,"INCLUDE") -> 3 | E13: =B13+C13+D13 -> 234
A14: Check: screened = excluded + retained | B14: =B7-SUM(B8:B13) -> 0 | C14: =C7-SUM(C8:C13) -> 0 | D14: =D7-SUM(D8:D13) -> 0 | E14: =E7-SUM(E8:E13) -> 0 | F14: Must be 0

Sheet Protocol
A1: Databases | B1: Scopus (30 Sep 2026); IEEE Xplore and Web of Science Core Collection (1 Oct 2026); via UiTM EzAccess
A2: Scopus string | B2: TITLE-ABS-KEY ( "intrusion detection" ) AND TITLE-ABS-KEY ( "federated learning" OR "differential privacy" ) AND TITLE-ABS-KEY ( explainab* OR "SHAP" OR ontology OR "knowledge graph" ) AND PUBYEAR > 2018 AND PUBYEAR < 2027 AND ( LIMIT-TO ( LANGUAGE , "English" ) ) AND ( LIMIT-TO ( DOCTYPE , "ar" ) OR LIMIT-TO ( DOCTYPE , "cp" ) )
A3: IEEE Xplore string | B3: ("All Metadata":"intrusion detection") AND ("All Metadata":"federated learning" OR "All Metadata":"differential privacy") AND ("All Metadata":explainab* OR "All Metadata":SHAP OR "All Metadata":ontology OR "All Metadata":"knowledge graph"); Conferences and Journals
A4: Web of Science string | B4: TS=("intrusion detection") AND TS=("federated learning" OR "differential privacy") AND TS=(explainab* OR SHAP OR ontology OR "knowledge graph"); Article and Proceedings Paper; English
A5: Screening | B5: Keyword rules on title, abstract and author keywords, manual decisions for borderline records (E2) and manual checks of key records by the AI assistant. MUST be confirmed by the author in the yellow columns before reporting.
